Filename,Extension,Size_MB,OS_Creation_Date,Duration_s,Width,Height,Metadata_Creation_Date,Location_Raw,Category_AI
analyze_content.py,.py,0.0,2026-05-30 12:09:22,,,,,,Desconocido
BMYN6525.MOV,.mov,58.7,2025-11-20 00:45:39,48.876009,1080.0,1920.0,2024-11-26T20:14:41Z,,Consultas / Examen
CQCZ0943.MOV,.mov,58.71,2025-11-20 00:45:44,48.876009,1080.0,1920.0,2024-11-26T20:18:29Z,,Consultas / Examen
DMBQ7297.MOV,.mov,71.12,2025-11-20 00:45:46,60.13,1080.0,1920.0,2024-11-26T20:35:35Z,,Consultas / Examen
EMLK7829.MOV,.mov,60.73,2025-11-20 00:45:49,51.024,1080.0,1920.0,2024-11-26T20:32:36Z,,Consultas / Examen
EWIS7235.MOV,.mov,50.65,2025-11-20 00:45:51,58.593,1080.0,1920.0,2024-11-26T19:50:40Z,,Consultas / Examen
extract_metadata.py,.py,0.0,2026-05-30 12:09:06,,,,,,Desconocido
FEIB6592.MOV,.mov,58.7,2025-11-20 00:45:53,48.876009,1080.0,1920.0,2024-11-26T20:11:39Z,,Consultas / Examen
FJDY5251.MOV,.mov,58.71,2025-11-20 00:45:55,48.876009,1080.0,1920.0,2024-11-26T20:19:53Z,,Consultas / Examen
FSBJ9501.MOV,.mov,4.47,2025-11-26 23:08:31,2.796667,1920.0,1440.0,2025-09-01T21:48:20.000000Z,,Personal / Selfie
GH012042.MP4,.mp4,2557.45,2026-01-31 18:58:32,711.018667,1920.0,1440.0,2025-09-16T16:09:59.000000Z,,Consultas / Examen
GH012043.MP4,.mp4,58.51,2026-01-31 19:01:18,16.298667,1920.0,1440.0,2025-12-22T12:03:18.000000Z,,Consultas / Examen
GH012044.MP4,.mp4,50.64,2026-01-31 19:01:22,14.122667,1920.0,1440.0,2025-12-22T12:03:55.000000Z,,Consultas / Examen
GH012045.MP4,.mp4,73.43,2026-01-31 19:01:25,20.437333,1920.0,1440.0,2025-12-22T12:04:42.000000Z,,Consultas / Examen
GH012046.MP4,.mp4,1316.78,2026-01-31 19:01:30,366.037333,1920.0,1440.0,2025-12-22T12:05:56.000000Z,,Consultas / Examen
GH012047.MP4,.mp4,35.87,2026-01-31 19:02:56,10.069333,1920.0,1440.0,2025-12-22T12:14:53.000000Z,,Consultas / Examen
GH012048.MP4,.mp4,1191.27,2026-01-31 19:02:58,331.2,1920.0,1440.0,2025-12-22T12:15:22.000000Z,,Consultas / Examen
GH012049.MP4,.mp4,2728.62,2026-01-31 19:04:15,758.592,1920.0,1440.0,2025-12-22T13:15:41.000000Z,,Consultas / Examen
GH012055.MP4,.mp4,1135.86,2026-01-31 19:07:12,315.733333,1920.0,1440.0,2025-12-22T11:11:00.000000Z,,Otro
GH012056.MP4,.mp4,905.67,2026-01-31 19:08:26,251.734733,1920.0,1440.0,2025-12-22T11:19:05.000000Z,,Personal / Selfie
IBTV0910.MOV,.mov,36.61,2025-11-26 23:02:47,14.566667,1012.0,1920.0,2025-07-05T21:16:40.000000Z,,Personal / Selfie
IJIC2554.MP4,.mp4,9.78,2025-11-26 23:12:44,10.665,1080.0,1920.0,2025-11-24T15:39:08.000000Z,,Especies - Perro
IMG_2142.MOV,.mov,9.24,2025-11-18 14:03:02,5.8517,1920.0,1080.0,2024-10-08T17:47:18.000000Z,,Cirugías
IMG_2204.MOV,.mov,18.86,2025-11-18 14:03:04,7.536667,1920.0,1080.0,2024-10-11T16:06:37.000000Z,,Consultas / Examen
IMG_2211.MOV,.mov,8.39,2025-11-20 00:42:14,2.953333,1920.0,1080.0,2024-11-26T18:57:15.000000Z,,Consultas / Examen
IMG_2226.MOV,.mov,25.57,2025-11-18 14:03:05,11.473333,1920.0,1080.0,2024-10-11T20:38:30.000000Z,,Consultas / Examen
IMG_2266.MOV,.mov,4.38,2025-11-20 00:42:15,2.53,1920.0,1080.0,2024-11-26T18:56:05.000000Z,,Cirugías
IMG_2581.MOV,.mov,8.91,2025-11-20 00:42:47,4.051667,1920.0,1080.0,2024-11-01T18:58:23.000000Z,,Especies - Perro
IMG_2594.MOV,.mov,20.93,2025-11-20 00:42:51,9.865,1920.0,1080.0,2024-11-03T01:59:06.000000Z,,Personal / Selfie
IMG_2626.MOV,.mov,10.1,2025-11-20 00:43:16,6.235011,1920.0,1080.0,2024-11-05T17:29:28.000000Z,,Personal / Selfie
IMG_2627.MOV,.mov,15.16,2025-11-20 00:43:17,8.103333,1920.0,1080.0,2024-11-05T17:38:04.000000Z,,Especies - Perro
IMG_2654.MOV,.mov,10.93,2025-11-26 23:28:58,6.903333,1920.0,1080.0,2024-11-06T15:58:48.000000Z,,Consultas / Examen
IMG_2671.MOV,.mov,13.17,2025-11-20 00:43:28,7.553333,1920.0,1080.0,2024-11-07T15:03:41.000000Z,,Especies - Perro
IMG_2673.MOV,.mov,8.47,2025-11-20 00:43:29,5.251667,1920.0,1080.0,2024-11-07T15:04:33.000000Z,,Especies - Perro
IMG_2692.MOV,.mov,19.19,2025-11-20 00:43:32,8.805,1920.0,1080.0,2024-11-08T00:22:20.000000Z,,Promocional
IMG_2738.MOV,.mov,28.51,2025-11-20 00:43:38,10.2217,1920.0,1080.0,2024-11-09T16:43:51.000000Z,,Instalaciones
IMG_2739.MOV,.mov,19.37,2025-11-20 00:43:39,7.02,1920.0,1080.0,2024-11-09T16:44:04.000000Z,,Instalaciones
IMG_2742.MOV,.mov,11.83,2025-11-20 00:51:27,2.315011,3840.0,2160.0,2025-01-28T21:08:55.000000Z,,Cirugías
IMG_2829.MOV,.mov,133.04,2025-11-20 00:44:47,119.105011,1920.0,1080.0,2024-11-15T17:21:54.000000Z,,Personal / Selfie
IMG_2830.MOV,.mov,7.88,2025-11-20 00:44:52,2.8167,1920.0,1080.0,2024-11-15T18:20:58.000000Z,,Consultas / Examen
IMG_2831.MOV,.mov,11.24,2025-11-20 00:44:53,5.318333,1920.0,1080.0,2024-11-15T18:21:11.000000Z,,Personal / Selfie
IMG_2836.MOV,.mov,15.04,2025-11-20 00:44:55,6.553333,1920.0,1080.0,2024-11-15T18:22:10.000000Z,,Especies - Perro
IMG_2837.MOV,.mov,36.31,2025-11-20 00:44:56,17.06,1920.0,1080.0,2024-11-15T18:22:29.000000Z,,Especies - Perro
IMG_2857.MOV,.mov,6.49,2025-11-27 01:01:05,3.783333,1920.0,1080.0,2024-11-18T19:35:50.000000Z,,Especies - Perro
IMG_2858.MOV,.mov,8.2,2025-11-27 01:01:05,4.985011,1920.0,1080.0,2024-11-18T19:36:10.000000Z,,Consultas / Examen
IMG_2861.MOV,.mov,67.98,2025-11-27 01:01:06,40.468333,1920.0,1080.0,2024-11-18T20:27:33.000000Z,,Personal / Selfie
IMG_2898.MOV,.mov,81.88,2025-11-20 00:46:22,51.643333,1920.0,1080.0,2024-11-23T21:24:40.000000Z,,Cirugías
IMG_3034.MOV,.mov,24.76,2025-11-20 00:46:39,7.92,1920.0,1080.0,2024-11-29T01:45:02.000000Z,,Otro
IMG_3039.MOV,.mov,9.48,2025-11-20 00:46:42,5.853333,1920.0,1080.0,2024-11-29T15:18:52.000000Z,,Especies - Gato
IMG_3046.MOV,.mov,15.92,2025-11-20 00:46:45,8.303333,1920.0,1080.0,2024-11-29T17:34:29.000000Z,,Especies - Perro
IMG_3061.MOV,.mov,96.29,2025-11-20 00:46:46,86.438333,1920.0,1080.0,2024-11-29T19:22:02.000000Z,,Personal / Selfie
IMG_3062.MOV,.mov,11.08,2025-11-20 00:46:49,6.235011,1920.0,1080.0,2024-11-29T20:01:58.000000Z,,Personal / Selfie
IMG_3063.MOV,.mov,8.67,2025-11-20 00:46:50,4.718345,1920.0,1080.0,2024-11-29T20:02:12.000000Z,,Especies - Perro
IMG_3064.MOV,.mov,11.91,2025-11-20 00:46:50,6.053333,1920.0,1080.0,2024-11-29T20:02:20.000000Z,,Especies - Perro
IMG_3065.MOV,.mov,6.99,2025-11-20 00:46:51,4.435011,1920.0,1080.0,2024-11-29T20:06:37.000000Z,,Consultas / Examen
IMG_3163.MOV,.mov,9.31,2025-11-20 00:48:14,5.868345,1920.0,1080.0,2024-12-04T21:29:27.000000Z,,Personal / Selfie
IMG_3164.MOV,.mov,16.71,2025-11-20 00:48:15,10.6217,1920.0,1080.0,2024-12-04T21:39:12.000000Z,,Consultas / Examen
IMG_3165.MOV,.mov,27.77,2025-11-20 00:48:16,17.591667,1920.0,1080.0,2024-12-04T21:39:33.000000Z,,Personal / Selfie
IMG_3166.MOV,.mov,51.24,2025-11-20 00:48:17,32.316667,1920.0,1080.0,2024-12-04T21:39:52.000000Z,,Personal / Selfie
IMG_3234.MOV,.mov,22.59,2025-11-20 00:48:57,12.2717,1920.0,1080.0,2024-12-08T18:31:00.000000Z,,Especies - Perro
IMG_3251.MOV,.mov,58.68,2025-11-20 00:49:01,39.32,1920.0,1080.0,2024-12-10T19:27:46.000000Z,,Personal / Selfie
IMG_3252.MOV,.mov,166.18,2025-11-20 00:49:03,103.7217,1920.0,1080.0,2024-12-10T19:29:24.000000Z,,Consultas / Examen
IMG_3709.MOV,.mov,85.72,2025-11-26 22:48:32,11.08,3840.0,2160.0,2025-04-28T22:18:04.000000Z,,Consultas / Examen
IMG_3730.MOV,.mov,23.12,2025-11-20 00:50:47,10.888345,1920.0,1080.0,2024-12-31T16:40:46.000000Z,,Consultas / Examen
IMG_3731.MOV,.mov,29.15,2025-11-20 00:50:48,11.905011,1920.0,1080.0,2024-12-31T16:41:00.000000Z,,Especies - Perro
IMG_3755.MOV,.mov,23.11,2025-11-20 00:51:39,7.47,1920.0,1080.0,2025-01-01T05:01:20.000000Z,,Otro
IMG_3929.MOV,.mov,12.79,2025-11-20 00:53:03,7.87,1920.0,1080.0,2025-01-08T16:18:31.000000Z,,Especies - Perro
IMG_3934.MOV,.mov,11.29,2025-11-20 00:53:04,6.903333,1920.0,1080.0,2025-01-08T16:27:54.000000Z,,Especies - Perro
IMG_3996.MOV,.mov,30.96,2025-11-20 00:53:08,19.558345,1920.0,1080.0,2025-01-10T01:12:47.000000Z,,Consultas / Examen
IMG_4185.HEIC,.heic,1.61,2025-11-26 23:08:34,,,,2025:09:01 16:10:14,"[3, 28, 999/100], [76, 31, 4717/100]",Personal / Selfie
IMG_4185.MOV,.mov,2.69,2025-11-26 23:08:35,1.706667,1920.0,1440.0,2025-09-01T21:10:14.000000Z,,Personal / Selfie
IMG_4187.HEIC,.heic,1.47,2025-11-26 23:08:35,,,,2025:09:01 16:10:21,"[3, 28, 997/100], [76, 31, 1178/25]",Personal / Selfie
IMG_4188.HEIC,.heic,1.5,2025-11-26 23:08:36,,,,2025:09:01 16:10:23,"[3, 28, 997/100], [76, 31, 1178/25]",Personal / Selfie
IMG_4188.MOV,.mov,4.49,2025-11-26 23:08:37,2.798333,1920.0,1440.0,2025-09-01T21:10:23.000000Z,,Personal / Selfie
IMG_4189.HEIC,.heic,1.57,2025-11-26 23:08:39,,,,2025:09:01 16:10:25,"[3, 28, 989/100], [76, 31, 4701/100]",Personal / Selfie
IMG_4189.MOV,.mov,3.92,2025-11-26 23:08:40,2.33,1920.0,1440.0,2025-09-01T21:10:25.000000Z,,Personal / Selfie
IMG_4332.MOV,.mov,10.7,2025-11-20 00:55:11,6.97,1920.0,1080.0,2025-01-25T19:20:22.000000Z,,Consultas / Examen
IMG_4336.MOV,.mov,17.2,2025-11-20 00:55:11,8.303333,1920.0,1080.0,2025-01-25T23:52:55.000000Z,,Consultas / Examen
IMG_4337.MOV,.mov,8.11,2025-11-20 00:55:12,5.0517,1920.0,1080.0,2025-01-25T23:59:09.000000Z,,Consultas / Examen
IMG_4338.MOV,.mov,8.29,2025-11-20 00:55:13,4.4517,1920.0,1080.0,2025-01-25T23:59:15.000000Z,,Cirugías
IMG_4339.MOV,.mov,10.79,2025-11-20 00:55:13,5.468345,1920.0,1080.0,2025-01-25T23:59:22.000000Z,,Consultas / Examen
IMG_4392.MOV,.mov,1.35,2025-11-20 00:55:23,0.5317,1920.0,1080.0,2025-01-28T16:19:56.000000Z,,Desconocido
IMG_4402.MOV,.mov,6.54,2025-11-20 00:55:28,3.851667,1920.0,1080.0,2025-01-28T21:34:16.000000Z,,Consultas / Examen
IMG_4403.MOV,.mov,6.07,2025-11-20 00:55:29,3.6667,1920.0,1080.0,2025-01-28T21:37:54.000000Z,,Cirugías
IMG_4405.MOV,.mov,5.36,2025-11-20 00:55:30,3.065011,1920.0,1080.0,2025-01-28T21:39:27.000000Z,,Otro
IMG_4407.MOV,.mov,4.29,2025-11-20 00:55:30,2.601667,1920.0,1080.0,2025-01-28T21:43:28.000000Z,,Consultas / Examen
IMG_4409.MOV,.mov,2.76,2025-11-20 00:55:30,1.7,1920.0,1080.0,2025-01-28T21:49:10.000000Z,,Cirugías
IMG_4410.MOV,.mov,2.55,2025-11-20 00:55:31,1.583333,1920.0,1080.0,2025-01-28T21:49:14.000000Z,,Cirugías
IMG_4411.MOV,.mov,2.03,2025-11-20 00:55:31,1.133333,1920.0,1080.0,2025-01-28T21:49:28.000000Z,,Cirugías
IMG_4412.MOV,.mov,2.06,2025-11-20 00:55:32,1.2,1920.0,1080.0,2025-01-28T21:51:04.000000Z,,Cirugías
IMG_4413.MOV,.mov,2.74,2025-11-20 00:55:32,1.6667,1920.0,1080.0,2025-01-28T21:59:35.000000Z,,Cirugías
IMG_4414.MOV,.mov,3.54,2025-11-20 00:55:32,2.1,1920.0,1080.0,2025-01-28T22:04:01.000000Z,,Cirugías
IMG_4415.MOV,.mov,2.22,2025-11-20 00:55:33,1.2667,1920.0,1080.0,2025-01-28T22:04:49.000000Z,,Cirugías
IMG_4416.MOV,.mov,4.72,2025-11-20 00:55:33,2.833333,1920.0,1080.0,2025-01-28T22:16:49.000000Z,,Cirugías
IMG_4417.MOV,.mov,2.5,2025-11-20 00:55:34,1.433333,1920.0,1080.0,2025-01-28T22:18:16.000000Z,,Cirugías
IMG_4418.MOV,.mov,8.67,2025-11-20 00:55:34,5.235,1920.0,1080.0,2025-01-28T22:18:21.000000Z,,Cirugías
IMG_4437.MOV,.mov,7.48,2025-11-20 00:55:42,4.701667,1920.0,1080.0,2025-01-29T16:54:34.000000Z,,Consultas / Examen
IMG_4439.MOV,.mov,9.28,2025-11-20 00:55:43,3.708345,1920.0,1080.0,2025-01-29T17:15:45.000000Z,,Personal / Selfie
IMG_4497.MOV,.mov,34.79,2025-11-20 00:55:48,5.383333,3840.0,2160.0,2025-01-31T21:46:54.000000Z,,Cirugías
IMG_4498.MOV,.mov,75.02,2025-11-20 00:55:50,8.433333,3840.0,2160.0,2025-01-31T21:47:09.000000Z,,Consultas / Examen
IMG_4500.MOV,.mov,78.35,2025-11-20 00:55:52,12.2317,3840.0,2160.0,2025-01-31T22:15:18.000000Z,,Consultas / Examen
IMG_4505.MOV,.mov,7.75,2025-11-26 23:55:35,4.0817,1920.0,1080.0,2025-02-01T18:15:52.000000Z,,Personal / Selfie
IMG_4506.MOV,.mov,8.84,2025-11-26 23:55:35,5.1,1920.0,1080.0,2025-02-01T18:17:33.000000Z,,Personal / Selfie
IMG_4507.MOV,.mov,3.99,2025-11-26 23:55:35,2.465011,1920.0,1080.0,2025-02-01T18:24:26.000000Z,,Especies - Gato
IMG_4509.MOV,.mov,15.06,2025-11-26 23:55:36,5.835011,1920.0,1080.0,2025-02-01T19:51:04.000000Z,,Consultas / Examen
IMG_4520.MOV,.mov,3.18,2025-11-26 23:55:42,1.983333,1920.0,1080.0,2025-02-02T18:26:00.000000Z,,Cirugías
IMG_4526.MOV,.mov,7.56,2025-11-26 23:55:42,3.635011,1920.0,1080.0,2025-02-02T22:04:35.000000Z,,Cirugías
IMG_4539.MOV,.mov,86.04,2025-11-26 23:55:43,53.478333,1920.0,1080.0,2025-02-03T17:41:48.000000Z,,Consultas / Examen
IMG_4560.MOV,.mov,17.71,2025-11-26 23:55:48,6.3017,1920.0,1080.0,2025-02-07T21:37:30.000000Z,,Consultas / Examen
IMG_4561.MOV,.mov,4.0,2025-11-26 23:55:49,2.433333,1920.0,1080.0,2025-02-08T01:41:56.000000Z,,Cirugías
IMG_4564.MOV,.mov,16.54,2025-11-26 23:55:49,5.3517,1920.0,1080.0,2025-02-08T19:49:10.000000Z,,Personal / Selfie
IMG_4565.MOV,.mov,17.75,2025-11-26 23:55:50,5.453333,1920.0,1080.0,2025-02-08T19:49:21.000000Z,,Especies - Perro
IMG_4570.MOV,.mov,93.67,2025-11-26 23:55:51,58.396667,1920.0,1080.0,2025-02-10T17:05:47.000000Z,,Consultas / Examen
IMG_4583.MOV,.mov,19.3,2025-11-26 23:55:54,12.155,1920.0,1080.0,2025-02-12T18:12:48.000000Z,,Consultas / Examen
IMG_4584.MOV,.mov,0.26,2025-11-26 23:55:55,0.233333,1920.0,1080.0,2025-02-12T18:13:04.000000Z,,Desconocido
IMG_4585.MOV,.mov,9.58,2025-11-26 23:55:55,6.085011,1920.0,1080.0,2025-02-12T18:13:06.000000Z,,Consultas / Examen
IMG_4586.MOV,.mov,75.52,2025-11-26 23:55:55,47.725,1920.0,1080.0,2025-02-12T18:13:14.000000Z,,Consultas / Examen
IMG_4588.MOV,.mov,10.05,2025-11-26 23:55:57,6.2517,1920.0,1080.0,2025-02-12T19:23:02.000000Z,,Especies - Perro
IMG_4605.MOV,.mov,9.03,2025-11-26 23:56:06,5.603333,1920.0,1080.0,2025-02-14T17:08:32.000000Z,,Especies - Perro
IMG_4606.MOV,.mov,1.11,2025-11-26 23:56:06,0.683333,1920.0,1080.0,2025-02-14T17:13:41.000000Z,,Desconocido
IMG_4607.MOV,.mov,12.6,2025-11-26 23:56:06,7.87,1920.0,1080.0,2025-02-14T17:13:48.000000Z,,Consultas / Examen
IMG_4611.MOV,.mov,2.28,2025-11-26 23:56:07,1.3,1920.0,1080.0,2025-02-14T18:24:55.000000Z,,Especies - Perro
IMG_4614.MOV,.mov,9.13,2025-11-26 23:56:08,4.298345,1920.0,1080.0,2025-02-14T18:25:44.000000Z,,Personal / Selfie
IMG_4615.MOV,.mov,15.22,2025-11-26 23:56:09,8.933333,1920.0,1080.0,2025-02-14T18:25:52.000000Z,,Personal / Selfie
IMG_4616.MOV,.mov,9.16,2025-11-26 23:56:09,4.75,1920.0,1080.0,2025-02-14T18:26:03.000000Z,,Personal / Selfie
IMG_4619.MOV,.mov,36.31,2025-11-26 23:56:11,12.6,1920.0,1080.0,2025-02-14T18:26:48.000000Z,,Personal / Selfie
IMG_4670.MOV,.mov,107.87,2025-11-26 23:56:39,11.565011,3840.0,2160.0,2025-02-18T18:46:40.000000Z,,Consultas / Examen
IMG_4671.MOV,.mov,64.45,2025-11-26 23:56:44,6.4817,3840.0,2160.0,2025-02-18T18:46:55.000000Z,,Consultas / Examen
IMG_4672.MOV,.mov,70.12,2025-11-26 23:56:46,7.483333,3840.0,2160.0,2025-02-18T18:47:11.000000Z,,Consultas / Examen
IMG_4673.MOV,.mov,124.72,2025-11-26 23:56:49,11.398333,3840.0,2160.0,2025-02-18T18:47:26.000000Z,,Consultas / Examen
IMG_4685.MOV,.mov,156.76,2025-11-26 23:56:54,19.766667,3840.0,2160.0,2025-02-20T14:34:53.000000Z,,Consultas / Examen
IMG_4726.MOV,.mov,5.96,2025-11-26 23:57:02,3.268333,1920.0,1080.0,2025-02-23T15:16:29.000000Z,,Especies - Perro
IMG_4817.MOV,.mov,8.17,2025-11-27 00:22:09,3.015011,1920.0,1080.0,2025-03-04T13:08:24.000000Z,,Personal / Selfie
IMG_4819.MOV,.mov,8.67,2025-11-27 00:22:09,5.383333,1920.0,1080.0,2025-03-04T13:41:44.000000Z,,Personal / Selfie
IMG_4820.MOV,.mov,22.27,2025-11-27 00:22:10,9.883333,1920.0,1080.0,2025-03-04T13:41:52.000000Z,,Personal / Selfie
IMG_4824.MOV,.mov,18.24,2025-11-27 00:22:11,6.786667,1920.0,1080.0,2025-03-04T14:28:56.000000Z,,Consultas / Examen
IMG_4825.MOV,.mov,24.43,2025-11-27 00:22:11,14.241667,1920.0,1080.0,2025-03-04T14:29:16.000000Z,,Consultas / Examen
IMG_4827.MOV,.mov,32.15,2025-11-27 00:22:12,13.491667,1920.0,1080.0,2025-03-04T14:29:50.000000Z,,Consultas / Examen
IMG_4828.MOV,.mov,18.34,2025-11-27 00:22:13,6.82,1920.0,1080.0,2025-03-04T14:43:04.000000Z,,Consultas / Examen
IMG_4830.MOV,.mov,28.7,2025-11-27 00:22:14,18.158345,1920.0,1080.0,2025-03-04T15:04:03.000000Z,,Cirugías
IMG_4844.MOV,.mov,44.45,2025-11-27 00:22:15,6.7817,3840.0,2160.0,2025-03-05T12:52:08.000000Z,,Especies - Perro
IMG_4904.MOV,.mov,99.74,2025-11-27 00:22:27,35.85,1920.0,1080.0,2025-03-08T15:33:47.000000Z,,Consultas / Examen
IMG_4979.MOV,.mov,41.32,2025-11-27 00:22:40,25.98,1920.0,1080.0,2025-03-13T12:23:59.000000Z,,Especies - Perro
IMG_5112.MOV,.mov,10.94,2025-11-27 00:22:58,6.953333,1920.0,1080.0,2025-03-27T16:50:36.000000Z,,Cirugías
IMG_5113.MOV,.mov,3.0,2025-11-27 00:22:58,1.9,1920.0,1080.0,2025-03-27T16:50:45.000000Z,,Cirugías
IMG_5114.MOV,.mov,53.19,2025-11-27 00:22:58,8.283333,3840.0,2160.0,2025-03-27T16:51:22.000000Z,,Cirugías
IMG_5116.MOV,.mov,41.42,2025-11-27 00:23:00,6.615011,3840.0,2160.0,2025-03-27T16:52:09.000000Z,,Cirugías
IMG_5117.MOV,.mov,94.49,2025-11-27 00:23:01,10.615,3840.0,2160.0,2025-03-27T16:52:25.000000Z,,Cirugías
IMG_5118.MOV,.mov,58.96,2025-11-27 00:23:04,9.065011,3840.0,2160.0,2025-03-27T16:52:40.000000Z,,Cirugías
IMG_5225.MOV,.mov,71.04,2025-11-27 00:08:25,5.516667,3840.0,2160.0,2025-04-02T16:00:23.000000Z,,Personal / Selfie
IMG_5229.MOV,.mov,128.49,2025-11-27 00:08:27,12.863333,3840.0,2160.0,2025-04-02T16:46:38.000000Z,,Promocional
IMG_5302.MOV,.mov,96.89,2025-11-27 00:08:39,8.198333,3840.0,2160.0,2025-04-04T00:36:05.000000Z,,Especies - Perro
IMG_5303.MOV,.mov,152.95,2025-11-27 00:08:42,19.298345,3840.0,2160.0,2025-04-04T00:36:16.000000Z,,Especies - Perro
IMG_5304.MOV,.mov,71.06,2025-11-27 00:08:47,7.0817,3840.0,2160.0,2025-04-04T00:36:37.000000Z,,Especies - Perro
IMG_5329.MOV,.mov,146.12,2025-11-27 00:08:49,56.348345,1920.0,1080.0,2025-04-04T17:58:07.000000Z,,Consultas / Examen
IMG_5339.MOV,.mov,152.05,2025-11-27 00:08:53,93.25,1920.0,1080.0,2025-04-04T18:10:34.000000Z,,Otro
IMG_5340.MOV,.mov,43.61,2025-11-27 00:08:58,27.613333,1920.0,1080.0,2025-04-04T18:12:50.000000Z,,Promocional
IMG_5508.MOV,.mov,23.98,2025-11-27 00:08:59,9.105,1920.0,1080.0,2025-04-10T02:29:03.000000Z,,Consultas / Examen
IMG_5728.MOV,.mov,20.1,2025-11-27 00:09:00,12.738345,1920.0,1080.0,2025-04-17T18:10:48.000000Z,,Consultas / Examen
IMG_5734.HEIC,.heic,1.99,2025-11-27 00:09:01,,,,2025:04:17 13:15:57,"[3, 25, 1433/25], [76, 29, 5731/100]",Personal / Selfie
IMG_5734.MOV,.mov,3.99,2025-11-27 00:09:01,2.846667,1920.0,1440.0,2025-04-17T18:15:57.000000Z,,Personal / Selfie
IMG_5736.HEIC,.heic,2.1,2025-11-27 00:09:01,,,,2025:04:17 13:16:00,"[3, 25, 573/10], [76, 29, 1432/25]",Personal / Selfie
IMG_5736.MOV,.mov,4.23,2025-11-27 00:09:01,2.663333,1920.0,1440.0,2025-04-17T18:16:02.000000Z,,Personal / Selfie
IMG_5739.HEIC,.heic,2.29,2025-11-27 00:09:01,,,,2025:04:17 13:16:30,"[3, 25, 1428/25], [76, 29, 229/4]",Personal / Selfie
IMG_5739.MOV,.mov,4.45,2025-11-27 00:09:01,2.888345,1920.0,1440.0,2025-04-17T18:16:33.000000Z,,Personal / Selfie
IMG_5741.HEIC,.heic,2.29,2025-11-27 00:09:02,,,,2025:04:17 13:16:32,"[3, 25, 5713/100], [76, 29, 1432/25]",Personal / Selfie
IMG_5741.MOV,.mov,3.21,2025-11-27 00:09:02,2.29,1920.0,1440.0,2025-04-17T18:16:33.000000Z,,Personal / Selfie
IMG_5743.MOV,.mov,30.38,2025-11-27 00:09:02,18.833333,1920.0,1080.0,2025-04-17T18:16:56.000000Z,,Personal / Selfie
IMG_5793.MOV,.mov,44.59,2025-11-27 00:09:10,28.065,1920.0,1080.0,2025-04-20T14:56:51.000000Z,,Consultas / Examen
IMG_5794.JPG,.jpg,1.03,2025-11-27 00:09:11,,,,2025:04:20 15:24:29,"[3, 26, 2403/50], [76, 29, 989/25]",Personal / Selfie
IMG_5795.MOV,.mov,28.53,2025-11-27 00:09:12,17.958345,1920.0,1080.0,2025-04-20T20:24:25.000000Z,,Personal / Selfie
IMG_5796.MOV,.mov,14.49,2025-11-27 00:09:12,9.22,1920.0,1080.0,2025-04-20T20:25:43.000000Z,,Consultas / Examen
IMG_5797.MOV,.mov,9.89,2025-11-27 00:09:13,6.268345,1920.0,1080.0,2025-04-20T20:25:54.000000Z,,Consultas / Examen
IMG_5798.MOV,.mov,90.46,2025-11-27 00:09:13,56.878345,1920.0,1080.0,2025-04-20T20:51:20.000000Z,,Consultas / Examen
IMG_5799.MOV,.mov,14.37,2025-11-27 00:09:16,26.365,1920.0,1080.0,2025-04-20T20:58:07.000000Z,,Instalaciones
IMG_5800.MOV,.mov,10.05,2025-11-27 00:09:17,6.286667,1920.0,1080.0,2025-04-20T20:58:39.000000Z,,Otro
IMG_5801.MOV,.mov,29.85,2025-11-27 00:09:17,18.926667,1920.0,1080.0,2025-04-20T20:59:00.000000Z,,Consultas / Examen
IMG_5802.MOV,.mov,14.15,2025-11-27 00:09:18,8.92,1920.0,1080.0,2025-04-20T20:59:22.000000Z,,Consultas / Examen
IMG_5803.MOV,.mov,6.51,2025-11-27 00:09:18,3.983333,1920.0,1080.0,2025-04-20T21:00:17.000000Z,,Consultas / Examen
IMG_5804.MOV,.mov,6.91,2025-11-27 00:09:19,4.401667,1920.0,1080.0,2025-04-20T21:23:54.000000Z,,Personal / Selfie
IMG_5815.MOV,.mov,150.1,2025-11-27 00:09:20,94.716667,1920.0,1080.0,2025-04-21T18:53:58.000000Z,,Cirugías
IMG_5817.MOV,.mov,27.18,2025-11-27 00:09:24,17.258333,1920.0,1080.0,2025-04-21T18:56:02.000000Z,,Cirugías
IMG_5818.MOV,.mov,15.05,2025-11-27 00:09:25,9.521667,1920.0,1080.0,2025-04-21T18:56:48.000000Z,,Cirugías
IMG_5819.MOV,.mov,5.63,2025-11-27 00:09:26,3.6,1920.0,1080.0,2025-04-21T18:57:27.000000Z,,Consultas / Examen
IMG_5829.HEIC,.heic,3.01,2025-11-27 00:09:27,,,,2025:04:21 14:24:43,"[3, 26, 2403/50], [76, 29, 3957/100]",Personal / Selfie
IMG_5829.MOV,.mov,4.36,2025-11-27 00:09:28,3.043333,1920.0,1440.0,2025-04-21T19:24:46.000000Z,,Personal / Selfie
IMG_5830.HEIC,.heic,3.17,2025-11-27 00:09:28,,,,2025:04:21 14:24:44,"[3, 26, 4821/100], [76, 29, 3943/100]",Personal / Selfie
IMG_5830.MOV,.mov,4.45,2025-11-27 00:09:28,3.043333,1920.0,1440.0,2025-04-21T19:24:47.000000Z,,Personal / Selfie
IMG_5831.HEIC,.heic,2.96,2025-11-27 00:09:28,,,,2025:04:21 14:24:45,"[3, 26, 4821/100], [76, 29, 3943/100]",Personal / Selfie
IMG_5831.MOV,.mov,4.16,2025-11-27 00:09:28,2.928345,1920.0,1440.0,2025-04-21T19:24:48.000000Z,,Personal / Selfie
IMG_5832.HEIC,.heic,3.07,2025-11-27 00:09:29,,,,2025:04:21 14:24:47,"[3, 26, 4821/100], [76, 29, 3943/100]",Personal / Selfie
IMG_5832.MOV,.mov,4.33,2025-11-27 00:09:29,2.981678,1920.0,1440.0,2025-04-21T19:24:48.000000Z,,Personal / Selfie
IMG_5833.MOV,.mov,13.8,2025-11-27 00:09:29,5.203333,1920.0,1080.0,2025-04-21T20:24:10.000000Z,,Cirugías
IMG_5834.MOV,.mov,6.83,2025-11-27 00:09:29,2.436667,1920.0,1080.0,2025-04-21T20:25:13.000000Z,,Cirugías
IMG_5842.MOV,.mov,14.65,2025-11-27 00:09:30,5.238333,1920.0,1080.0,2025-04-22T16:59:50.000000Z,,Instalaciones
IMG_5883.MOV,.mov,20.59,2025-11-27 00:09:38,7.1867,1920.0,1080.0,2025-04-26T20:13:11.000000Z,,Personal / Selfie
IMG_5890.MOV,.mov,25.96,2025-11-27 00:09:41,15.708345,1920.0,1080.0,2025-04-28T02:09:16.000000Z,,Consultas / Examen
IMG_5902.MOV,.mov,39.6,2025-11-27 00:09:47,12.6067,1920.0,1080.0,2025-04-28T19:50:27.000000Z,,Especies - Perro
IMG_5903.MOV,.mov,21.41,2025-11-27 00:09:48,6.1,1920.0,1080.0,2025-04-28T19:51:00.000000Z,,Personal / Selfie
IMG_5907.MOV,.mov,29.01,2025-11-26 22:48:35,9.205,1920.0,1080.0,2025-04-28T20:26:37.000000Z,,Especies - Perro
IMG_5924.MOV,.mov,16.88,2025-11-26 22:48:41,10.755,1920.0,1080.0,2025-04-29T14:01:39.000000Z,,Consultas / Examen
IMG_5925.MOV,.mov,137.61,2025-11-26 22:48:41,86.763333,1920.0,1080.0,2025-04-29T16:39:41.000000Z,,Consultas / Examen
IMG_5926.MOV,.mov,14.3,2025-11-26 22:48:46,9.0867,1920.0,1080.0,2025-04-29T16:51:57.000000Z,,Cirugías
IMG_5937.MOV,.mov,34.8,2025-11-26 22:48:48,11.138345,1920.0,1080.0,2025-04-29T22:20:35.000000Z,,Consultas / Examen
IMG_5947.HEIC,.heic,2.18,2025-11-26 22:48:53,,,,2025:04:30 12:37:07,"[3, 27, 777/100], [76, 29, 1929/50]",Promocional
IMG_5948.MOV,.mov,174.54,2025-11-26 22:48:53,62.685011,1920.0,1080.0,2025-04-30T18:39:20.000000Z,,Personal / Selfie
IMG_5949.MOV,.mov,34.81,2025-11-26 22:49:00,11.255011,1920.0,1080.0,2025-04-30T18:43:16.000000Z,,Personal / Selfie
IMG_5950.MOV,.mov,26.24,2025-11-26 22:49:01,8.7217,1920.0,1080.0,2025-04-30T18:43:29.000000Z,,Personal / Selfie
IMG_5951.MOV,.mov,28.22,2025-11-26 22:49:02,14.758333,1920.0,1080.0,2025-04-30T19:02:38.000000Z,,Personal / Selfie
IMG_5961.MOV,.mov,1490.69,2025-11-26 22:49:12,524.543333,1920.0,1080.0,2025-05-02T17:18:36.000000Z,,Consultas / Examen
IMG_5962.MOV,.mov,25.41,2025-11-26 22:50:00,16.241667,1920.0,1080.0,2025-05-02T17:30:09.000000Z,,Consultas / Examen
IMG_5963.MOV,.mov,19.49,2025-11-26 22:50:01,5.3667,1920.0,1080.0,2025-05-02T21:27:10.000000Z,,Personal / Selfie
IMG_5974.MOV,.mov,22.75,2025-11-26 22:50:01,8.503333,1920.0,1080.0,2025-05-03T03:46:27.000000Z,,Especies - Perro
IMG_5975.MOV,.mov,22.73,2025-11-26 22:50:02,7.653333,1920.0,1080.0,2025-05-03T03:46:42.000000Z,,Especies - Perro
IMG_5981.HEIC,.heic,0.99,2025-11-26 22:50:03,,,,2025:05:03 12:46:34,"[3, 25, 2237/100], [76, 29, 5019/100]",Especies - Perro
IMG_5982.HEIC,.heic,0.96,2025-11-26 22:50:03,,,,2025:05:03 12:46:35,"[3, 25, 557/25], [76, 29, 5019/100]",Especies - Perro
IMG_5983.HEIC,.heic,0.98,2025-11-26 22:50:04,,,,2025:05:03 12:46:35,"[3, 25, 1113/50], [76, 29, 5017/100]",Especies - Perro
IMG_5995.HEIC,.heic,1.77,2025-11-26 22:50:08,,,,2025:05:06 10:43:44,"[3, 23, 1133/50], [76, 32, 1102/25]",Personal / Selfie
IMG_6002.MOV,.mov,72.63,2025-11-26 22:50:08,44.275011,1920.0,1080.0,2025-05-06T22:59:32.000000Z,,Especies - Perro
IMG_6004.MOV,.mov,0.31,2025-11-26 22:50:15,0.083333,1920.0,1080.0,2025-05-06T23:05:01.000000Z,,Desconocido
IMG_6005.MOV,.mov,34.46,2025-11-26 22:50:15,18.276667,1920.0,1080.0,2025-05-06T23:05:19.000000Z,,Otro
IMG_6019.MOV,.mov,314.45,2025-11-26 22:50:27,197.871667,1920.0,1080.0,2025-05-08T15:10:22.000000Z,,Cirugías
IMG_6021.MOV,.mov,12.37,2025-11-26 22:50:40,7.853333,1920.0,1080.0,2025-05-08T15:21:39.000000Z,,Consultas / Examen
IMG_6022.MOV,.mov,31.05,2025-11-26 22:50:40,19.4417,1920.0,1080.0,2025-05-08T15:21:50.000000Z,,Cirugías
IMG_6026.MOV,.mov,8.96,2025-11-26 22:50:42,3.2817,1920.0,1080.0,2025-05-08T15:58:57.000000Z,,Consultas / Examen
IMG_6027.MOV,.mov,10.01,2025-11-26 22:50:42,3.548345,1920.0,1080.0,2025-05-08T15:59:26.000000Z,,Personal / Selfie
IMG_6028.MOV,.mov,28.96,2025-11-26 22:50:43,9.7167,1920.0,1080.0,2025-05-08T15:59:32.000000Z,,Personal / Selfie
IMG_6033.MOV,.mov,156.03,2025-11-26 22:50:44,49.953333,1920.0,1080.0,2025-05-08T17:13:38.000000Z,,Personal / Selfie
IMG_6037.MOV,.mov,116.57,2025-11-26 22:50:50,36.8717,1920.0,1080.0,2025-05-08T17:17:32.000000Z,,Personal / Selfie
IMG_6059.MOV,.mov,0.96,2025-11-26 22:52:10,1.133333,1920.0,1080.0,2025-05-22T00:22:56.000000Z,,Cirugías
IMG_6069.MOV,.mov,9.54,2025-11-26 22:51:12,5.536667,1920.0,1080.0,2025-05-10T15:15:49.000000Z,,Consultas / Examen
IMG_6073.MOV,.mov,73.01,2025-11-26 22:52:10,26.368333,3840.0,2160.0,2025-05-22T00:22:56.000000Z,,Cirugías
IMG_6074.MOV,.mov,11.12,2025-11-26 22:51:14,5.72,1920.0,1080.0,2025-05-10T15:17:13.000000Z,,Especies - Perro
IMG_6075.MOV,.mov,17.84,2025-11-26 22:51:15,11.1217,1920.0,1080.0,2025-05-10T15:18:13.000000Z,,Especies - Perro
IMG_6076.MOV,.mov,3.54,2025-11-26 22:51:16,2.0667,1920.0,1080.0,2025-05-10T15:18:28.000000Z,,Especies - Perro
IMG_6080.MOV,.mov,76.55,2025-11-26 22:51:17,47.801667,1920.0,1080.0,2025-05-10T15:34:11.000000Z,,Personal / Selfie
IMG_6084.MOV,.mov,21.5,2025-11-26 22:51:19,13.683333,1920.0,1080.0,2025-05-10T15:57:31.000000Z,,Personal / Selfie
IMG_6085.HEIC,.heic,1.02,2025-11-26 22:52:13,,,,2025:05:21 19:06:04,"[3, 22, 77/5], [76, 31, 148/25]",Cirugías
IMG_6085.MOV,.mov,34.32,2025-11-26 22:51:20,12.34,1920.0,1080.0,2025-05-10T17:11:12.000000Z,,Consultas / Examen
IMG_6086.HEIC,.heic,0.77,2025-11-26 22:52:13,,,,2025:05:21 19:06:19,"[3, 22, 787/50], [76, 31, 57/10]",Cirugías
IMG_6086.MOV,.mov,14.79,2025-11-26 22:51:22,9.355,1920.0,1080.0,2025-05-10T17:24:16.000000Z,,Consultas / Examen
IMG_6087.HEIC,.heic,0.85,2025-11-26 22:52:14,,,,2025:05:21 19:06:21,"[3, 22, 787/50], [76, 31, 581/100]",Cirugías
IMG_6087.MOV,.mov,28.96,2025-11-26 22:51:22,17.658345,1920.0,1080.0,2025-05-10T17:26:41.000000Z,,Consultas / Examen
IMG_6088.HEIC,.heic,0.85,2025-11-26 22:52:14,,,,2025:05:21 19:06:23,"[3, 22, 63/4], [76, 31, 581/100]",Cirugías
IMG_6088.MOV,.mov,23.99,2025-11-26 22:51:24,9.271667,1920.0,1080.0,2025-05-10T17:35:32.000000Z,,Consultas / Examen
IMG_6089.HEIC,.heic,0.83,2025-11-26 22:52:15,,,,2025:05:21 19:06:24,"[3, 22, 1577/100], [76, 31, 573/100]",Cirugías
IMG_6089.MOV,.mov,18.81,2025-11-26 22:51:25,6.3,1920.0,1080.0,2025-05-10T18:50:15.000000Z,,Personal / Selfie
IMG_6090.HEIC,.heic,0.83,2025-11-26 22:52:18,,,,2025:05:21 19:06:28,"[3, 22, 789/50], [76, 31, 141/25]",Cirugías
IMG_6096.MOV,.mov,16.36,2025-11-26 22:51:32,10.271667,1920.0,1080.0,2025-05-11T16:43:02.000000Z,,Personal / Selfie
IMG_6097.MOV,.mov,21.61,2025-11-26 22:51:32,13.473333,1920.0,1080.0,2025-05-11T16:52:06.000000Z,,Personal / Selfie
IMG_6099.MOV,.mov,13.37,2025-11-26 22:51:33,8.3367,1920.0,1080.0,2025-05-11T16:53:16.000000Z,,Consultas / Examen
IMG_6100.MOV,.mov,30.32,2025-11-26 22:52:19,28.47,1920.0,1080.0,2025-05-22T00:18:18.000000Z,,Cirugías
IMG_6102.MOV,.mov,25.14,2025-11-26 22:51:34,15.84,1920.0,1080.0,2025-05-11T17:25:40.000000Z,,Especies - Perro
IMG_6103.MOV,.mov,22.87,2025-11-26 22:51:45,13.8717,1920.0,1080.0,2025-05-11T21:36:25.000000Z,,Personal / Selfie
IMG_6104.MOV,.mov,17.56,2025-11-26 22:51:46,10.955011,1920.0,1080.0,2025-05-11T17:36:03.000000Z,,Especies - Perro
IMG_6125.MOV,.mov,45.84,2025-11-26 22:51:54,16.2917,1920.0,1080.0,2025-05-13T17:25:33.000000Z,,Personal / Selfie
IMG_6126.MOV,.mov,23.71,2025-11-26 22:51:56,9.105011,1920.0,1080.0,2025-05-13T17:30:54.000000Z,,Consultas / Examen
IMG_6127.MOV,.mov,13.52,2025-11-26 22:51:57,8.188333,1920.0,1080.0,2025-05-13T17:38:51.000000Z,,Especies - Perro
IMG_6129.MOV,.mov,6.97,2025-11-26 22:51:57,4.3517,1920.0,1080.0,2025-05-13T19:37:57.000000Z,,Especies - Perro
IMG_6136.MOV,.mov,15.57,2025-11-26 22:51:59,9.688333,1920.0,1080.0,2025-05-14T18:18:41.000000Z,,Consultas / Examen
IMG_6137.HEIC,.heic,3.38,2025-11-26 22:52:00,,,,2025:05:14 13:42:46,"[3, 25, 45], [76, 31, 549/25]",Cirugías
IMG_6142.HEIC,.heic,2.46,2025-11-26 22:52:01,,,,2025:05:15 09:54:52,"[3, 27, 358/25], [76, 31, 5593/100]",Personal / Selfie
IMG_6143.MOV,.mov,24.63,2025-11-26 22:52:01,15.523333,1920.0,1080.0,2025-05-15T15:38:39.000000Z,,Personal / Selfie
IMG_6144.HEIC,.heic,0.96,2025-11-26 22:52:03,,,,2025:05:15 11:07:23,"[3, 25, 5243/100], [76, 28, 114/5]",Personal / Selfie
IMG_6145.HEIC,.heic,1.0,2025-11-26 22:52:03,,,,2025:05:15 11:07:24,"[3, 25, 2613/50], [76, 28, 1129/50]",Personal / Selfie
IMG_6148.MOV,.mov,68.39,2025-11-26 22:52:03,42.483333,1920.0,1080.0,2025-05-15T19:32:30.000000Z,,Personal / Selfie
IMG_6149.MOV,.mov,23.04,2025-11-26 22:52:06,10.0,1920.0,1080.0,2025-05-15T19:46:02.000000Z,,Personal / Selfie
IMG_6150.MOV,.mov,27.76,2025-11-26 22:52:20,9.783333,1920.0,1080.0,2025-05-15T19:48:34.000000Z,,Personal / Selfie
IMG_6224.MOV,.mov,15.14,2025-11-26 22:55:23,4.935,1920.0,1080.0,2025-05-21T17:16:48.000000Z,,Otro
IMG_6225.MOV,.mov,15.07,2025-11-26 22:55:24,8.888333,1920.0,1080.0,2025-05-21T17:21:35.000000Z,,Consultas / Examen
IMG_6229.MOV,.mov,4.89,2025-11-26 22:55:25,2.966667,1920.0,1080.0,2025-05-21T17:31:50.000000Z,,Personal / Selfie
IMG_6236.MOV,.mov,15.03,2025-11-26 22:55:27,5.586667,1920.0,1080.0,2025-05-21T20:13:58.000000Z,,Especies - Perro
IMG_6237.MOV,.mov,11.69,2025-11-26 22:55:28,5.168345,1920.0,1080.0,2025-05-21T20:15:48.000000Z,,Consultas / Examen
IMG_6238.MOV,.mov,14.32,2025-11-26 22:55:28,5.518345,1920.0,1080.0,2025-05-21T20:15:56.000000Z,,Especies - Perro
IMG_6239.MOV,.mov,39.91,2025-11-26 22:55:29,14.328345,1920.0,1080.0,2025-05-21T20:17:00.000000Z,,Personal / Selfie
IMG_6240.MOV,.mov,63.94,2025-11-26 22:55:31,22.4667,1920.0,1080.0,2025-05-21T20:17:40.000000Z,,Personal / Selfie
IMG_6241.MOV,.mov,23.73,2025-11-26 22:55:33,9.671667,1920.0,1080.0,2025-05-21T20:19:44.000000Z,,Especies - Perro
IMG_6242.MOV,.mov,4.86,2025-11-26 22:55:34,1.685,1920.0,1080.0,2025-05-21T20:20:08.000000Z,,Especies - Gato
IMG_6253.MOV,.mov,2.81,2025-11-26 22:55:35,1.7,1920.0,1080.0,2025-05-22T00:28:22.000000Z,,Consultas / Examen
IMG_6254.MOV,.mov,18.54,2025-11-26 22:55:35,11.938345,1920.0,1080.0,2025-05-22T00:28:54.000000Z,,Consultas / Examen
IMG_6255.MOV,.mov,9.16,2025-11-26 22:55:35,5.885011,1920.0,1080.0,2025-05-22T00:42:57.000000Z,,Cirugías
IMG_6262.HEIC,.heic,1.59,2025-11-26 22:55:37,,,,2025:05:22 13:27:56,"[3, 24, 44/25], [76, 32, 1439/100]",Cirugías
IMG_6263.HEIC,.heic,2.24,2025-11-26 22:55:37,,,,2025:05:22 13:28:17,"[3, 24, 177/100], [76, 32, 289/20]",Cirugías
IMG_6264.HEIC,.heic,2.14,2025-11-26 22:55:37,,,,2025:05:22 13:28:22,"[3, 24, 89/50], [76, 32, 359/25]",Cirugías
IMG_6265.HEIC,.heic,2.46,2025-11-26 22:55:37,,,,2025:05:22 13:28:25,"[3, 24, 89/50], [76, 32, 359/25]",Instalaciones
IMG_6266.MOV,.mov,9.38,2025-11-26 22:55:38,5.7517,1920.0,1080.0,2025-05-22T18:41:00.000000Z,,Consultas / Examen
IMG_6270.MOV,.mov,16.64,2025-11-26 22:55:39,10.538345,1920.0,1080.0,2025-05-23T17:22:11.000000Z,,Personal / Selfie
IMG_6271.MOV,.mov,15.73,2025-11-26 22:55:40,10.021667,1920.0,1080.0,2025-05-23T17:22:23.000000Z,,Especies - Perro
IMG_6280.MOV,.mov,15.38,2025-11-26 22:55:44,7.003333,1920.0,1080.0,2025-05-24T15:43:27.000000Z,,Consultas / Examen
IMG_6281.MOV,.mov,13.71,2025-11-26 22:55:44,7.67,1920.0,1080.0,2025-05-24T15:43:38.000000Z,,Consultas / Examen
IMG_6299.MOV,.mov,15.06,2025-11-26 22:56:07,9.3367,1920.0,1080.0,2025-05-26T19:52:28.000000Z,,Consultas / Examen
IMG_6300.MOV,.mov,20.13,2025-11-26 22:56:08,12.5067,1920.0,1080.0,2025-05-26T19:54:25.000000Z,,Cirugías
IMG_6301.MOV,.mov,17.19,2025-11-26 22:56:09,10.738333,1920.0,1080.0,2025-05-26T19:54:53.000000Z,,Consultas / Examen
IMG_6314.MOV,.mov,11.39,2025-11-26 22:56:10,7.085011,1920.0,1080.0,2025-05-26T21:50:25.000000Z,,Especies - Gato
IMG_6317.MOV,.mov,20.56,2025-11-26 22:56:10,13.005011,1920.0,1080.0,2025-05-28T00:19:39.000000Z,,Especies - Gato
IMG_6318.MOV,.mov,1.47,2025-11-26 22:56:11,0.933333,1920.0,1080.0,2025-05-28T00:44:51.000000Z,,Desconocido
IMG_6319.MOV,.mov,22.24,2025-11-26 22:56:11,14.073333,1920.0,1080.0,2025-05-28T00:49:50.000000Z,,Consultas / Examen
IMG_6321.MOV,.mov,87.5,2025-11-26 22:56:12,55.395011,1920.0,1080.0,2025-05-28T01:09:37.000000Z,,Cirugías
IMG_6330.MOV,.mov,30.64,2025-11-26 22:56:18,19.11,1920.0,1080.0,2025-05-28T21:36:21.000000Z,,Consultas / Examen
IMG_6364.MOV,.mov,12.71,2025-11-26 22:56:40,7.983333,1920.0,1080.0,2025-05-29T17:43:00.000000Z,,Personal / Selfie
IMG_6365.MOV,.mov,17.2,2025-11-26 22:56:40,9.253333,1920.0,1080.0,2025-05-29T17:43:22.000000Z,,Consultas / Examen
IMG_6373.MOV,.mov,41.17,2025-11-26 22:56:41,14.65,1920.0,1080.0,2025-05-29T21:53:02.000000Z,,Consultas / Examen
IMG_6386.HEIC,.heic,1.76,2025-11-26 22:56:51,,,,2025:05:30 11:23:56,"[3, 27, 283/20], [76, 31, 2861/50]",Personal / Selfie
IMG_6390.MOV,.mov,4.41,2025-11-26 22:56:51,1.533333,1920.0,1080.0,2025-05-30T16:24:32.000000Z,,Personal / Selfie
IMG_6394.MOV,.mov,64.12,2025-11-26 22:56:53,40.318333,1920.0,1080.0,2025-05-30T17:15:02.000000Z,,Consultas / Examen
IMG_6395.MOV,.mov,121.69,2025-11-26 22:56:56,76.57,1920.0,1080.0,2025-05-30T17:16:26.000000Z,,Consultas / Examen
IMG_6396.MOV,.mov,18.15,2025-11-26 22:57:01,8.3167,1920.0,1080.0,2025-05-30T17:44:15.000000Z,,Personal / Selfie
IMG_6404.MOV,.mov,65.94,2025-11-26 22:57:03,29.068333,1920.0,1080.0,2025-05-30T19:26:21.000000Z,,Personal / Selfie
IMG_6406.MOV,.mov,38.72,2025-11-26 22:57:05,19.36,1920.0,1080.0,2025-05-30T20:02:54.000000Z,,Instalaciones
IMG_6409.MOV,.mov,20.02,2025-11-26 22:57:07,12.606667,1920.0,1080.0,2025-05-30T20:03:36.000000Z,,Personal / Selfie
IMG_6410.MOV,.mov,110.49,2025-11-26 22:57:07,64.268345,1920.0,1080.0,2025-05-30T20:07:27.000000Z,,Consultas / Examen
IMG_6411.MOV,.mov,43.0,2025-11-26 22:57:12,26.468333,1920.0,1080.0,2025-05-30T20:08:52.000000Z,,Consultas / Examen
IMG_6437.MOV,.mov,13.22,2025-11-26 22:57:29,7.086667,1920.0,1080.0,2025-06-03T18:09:57.000000Z,,Especies - Perro
IMG_6451.MOV,.mov,48.46,2025-11-26 22:57:39,15.4917,1920.0,1080.0,2025-06-04T00:09:44.000000Z,,Especies - Gato
IMG_6452.MOV,.mov,49.19,2025-11-26 22:57:40,15.741667,1920.0,1080.0,2025-06-04T00:10:02.000000Z,,Especies - Gato
IMG_6463.MOV,.mov,24.42,2025-11-26 22:57:42,15.323333,1920.0,1080.0,2025-06-05T17:04:54.000000Z,,Personal / Selfie
IMG_6464.MOV,.mov,13.98,2025-11-26 22:57:44,8.755,1920.0,1080.0,2025-06-05T17:05:11.000000Z,,Consultas / Examen
IMG_6466.MOV,.mov,40.92,2025-11-26 22:57:44,15.25,1920.0,1080.0,2025-06-05T17:10:34.000000Z,,Personal / Selfie
IMG_6467.MOV,.mov,68.95,2025-11-26 22:57:46,42.0517,1920.0,1080.0,2025-06-05T17:10:52.000000Z,,Personal / Selfie
IMG_6468.MOV,.mov,65.45,2025-11-26 22:57:49,33.685,1920.0,1080.0,2025-06-05T17:11:37.000000Z,,Consultas / Examen
IMG_6471.MOV,.mov,111.6,2025-11-26 22:57:51,69.353333,1920.0,1080.0,2025-06-05T18:17:58.000000Z,,Especies - Perro
IMG_6473.MOV,.mov,10.97,2025-11-26 22:57:55,7.02,1920.0,1080.0,2025-06-06T00:21:55.000000Z,,Consultas / Examen
IMG_6474.MOV,.mov,24.02,2025-11-26 22:57:56,15.208333,1920.0,1080.0,2025-06-06T00:26:32.000000Z,,Consultas / Examen
IMG_6476.HEIC,.heic,0.7,2025-11-26 22:57:57,,,,2025:06:05 19:48:14,"[3, 27, 846/25], [76, 31, 2371/50]",Consultas / Examen
IMG_6477.HEIC,.heic,0.82,2025-11-26 22:57:57,,,,2025:06:05 19:56:48,"[3, 27, 876/25], [76, 31, 2397/50]",Otro
IMG_6478.MOV,.mov,23.7,2025-11-26 22:57:57,15.173333,1920.0,1080.0,2025-06-06T01:00:30.000000Z,,Consultas / Examen
IMG_6479.HEIC,.heic,0.75,2025-11-26 22:57:58,,,,2025:06:05 20:12:53,"[3, 27, 846/25], [76, 31, 2371/50]",Consultas / Examen
IMG_6480.HEIC,.heic,0.67,2025-11-26 22:57:58,,,,2025:06:05 20:14:40,"[3, 27, 846/25], [76, 31, 2371/50]",Otro
IMG_6481.HEIC,.heic,1.86,2025-11-26 22:57:58,,,,2025:06:05 21:05:18,"[3, 27, 846/25], [76, 31, 2371/50]",Personal / Selfie
IMG_6482.HEIC,.heic,1.75,2025-11-26 22:57:59,,,,2025:06:05 21:05:24,"[3, 27, 846/25], [76, 31, 2371/50]",Personal / Selfie
IMG_6529.MOV,.mov,89.66,2025-11-26 22:58:10,55.935011,1920.0,1080.0,2025-06-10T16:36:13.000000Z,,Consultas / Examen
IMG_6530.MOV,.mov,40.37,2025-11-26 22:58:14,25.2,1920.0,1080.0,2025-06-10T16:39:29.000000Z,,Personal / Selfie
IMG_6531.MOV,.mov,20.37,2025-11-26 22:58:15,12.4,1920.0,1080.0,2025-06-10T16:40:09.000000Z,,Personal / Selfie
IMG_6588.JPG,.jpg,1.01,2025-11-26 22:58:18,,,,2025:06:13 16:05:50,"[3, 26, 533/20], [76, 32, 4441/100]",Especies - Perro
IMG_6589.JPG,.jpg,1.0,2025-11-26 22:58:18,,,,2025:06:13 16:05:51,"[3, 26, 533/20], [76, 32, 4441/100]",Especies - Perro
IMG_6590.JPG,.jpg,1.0,2025-11-26 22:58:19,,,,2025:06:13 16:05:52,"[3, 26, 533/20], [76, 32, 4441/100]",Especies - Perro
IMG_6592.MOV,.mov,7.49,2025-11-26 22:58:21,4.835,1920.0,1080.0,2025-06-13T21:45:20.000000Z,,Especies - Perro
IMG_6601.MOV,.mov,24.73,2025-11-26 22:58:23,10.74,1920.0,1080.0,2025-06-14T13:24:13.000000Z,,Especies - Perro
IMG_6603.MOV,.mov,23.08,2025-11-26 22:58:24,11.898345,1920.0,1080.0,2025-06-14T14:07:47.000000Z,,Consultas / Examen
IMG_6605.MOV,.mov,12.18,2025-11-26 22:58:26,6.653333,1920.0,1080.0,2025-06-14T14:50:58.000000Z,,Consultas / Examen
IMG_6609.MOV,.mov,84.4,2025-11-26 22:58:31,52.76,1920.0,1080.0,2025-06-14T18:42:42.000000Z,,Cirugías
IMG_6610.MOV,.mov,19.37,2025-11-26 22:58:34,12.156667,1920.0,1080.0,2025-06-14T18:45:47.000000Z,,Cirugías
IMG_6611.HEIC,.heic,1.98,2025-11-26 22:58:35,,,,2025:06:14 14:27:49,"[3, 23, 1893/50], [76, 31, 5651/100]",Cirugías
IMG_6612.HEIC,.heic,1.92,2025-11-26 22:58:35,,,,2025:06:14 14:27:50,"[3, 23, 947/25], [76, 31, 5651/100]",Cirugías
IMG_6613.MOV,.mov,48.23,2025-11-26 22:58:35,30.0817,1920.0,1080.0,2025-06-14T19:44:34.000000Z,,Consultas / Examen
IMG_6614.MOV,.mov,26.88,2025-11-26 22:58:37,16.508345,1920.0,1080.0,2025-06-14T20:22:01.000000Z,,Consultas / Examen
IMG_6617.MOV,.mov,0.24,2025-11-26 22:58:39,0.1,1920.0,1080.0,2025-06-14T20:26:49.000000Z,,Desconocido
IMG_6618.MOV,.mov,101.05,2025-11-26 22:58:39,61.285,1920.0,1080.0,2025-06-14T20:27:19.000000Z,,Consultas / Examen
IMG_6620.MOV,.mov,12.5,2025-11-26 22:58:43,7.853333,1920.0,1080.0,2025-06-14T20:30:36.000000Z,,Consultas / Examen
IMG_6621.MOV,.mov,19.96,2025-11-26 22:58:44,12.455011,1920.0,1080.0,2025-06-14T20:33:30.000000Z,,Cirugías
IMG_6622.MOV,.mov,44.63,2025-11-26 22:58:45,27.913333,1920.0,1080.0,2025-06-14T20:35:07.000000Z,,Cirugías
IMG_6627.MOV,.mov,10.72,2025-11-26 22:58:46,6.736667,1920.0,1080.0,2025-06-14T20:45:38.000000Z,,Consultas / Examen
IMG_6628.MOV,.mov,12.76,2025-11-26 22:58:47,8.07,1920.0,1080.0,2025-06-14T20:45:48.000000Z,,Consultas / Examen
IMG_6630.MOV,.mov,16.06,2025-11-26 22:58:47,10.203333,1920.0,1080.0,2025-06-14T20:54:09.000000Z,,Consultas / Examen
IMG_6631.HEIC,.heic,2.15,2025-11-26 22:58:48,,,,2025:06:14 17:27:35,"[3, 26, 1131/50], [76, 30, 256/25]",Personal / Selfie
IMG_6634.MOV,.mov,16.67,2025-11-26 22:58:48,6.87,1920.0,1080.0,2025-06-14T22:57:54.000000Z,,Personal / Selfie
IMG_6635.MOV,.mov,21.24,2025-11-26 22:58:49,7.7867,1920.0,1080.0,2025-06-14T23:04:06.000000Z,,Consultas / Examen
IMG_6636.MOV,.mov,25.39,2025-11-26 22:58:50,8.121667,1920.0,1080.0,2025-06-14T23:04:15.000000Z,,Especies - Perro
IMG_6637.MOV,.mov,21.85,2025-11-26 22:58:51,7.953333,1920.0,1080.0,2025-06-14T23:04:26.000000Z,,Personal / Selfie
IMG_6638.MOV,.mov,44.07,2025-11-26 22:58:52,15.0417,1920.0,1080.0,2025-06-14T23:07:12.000000Z,,Consultas / Examen
IMG_6639.MOV,.mov,51.42,2025-11-26 22:58:54,32.2,1920.0,1080.0,2025-06-14T23:32:42.000000Z,,Consultas / Examen
IMG_6683.MOV,.mov,30.87,2025-11-26 22:59:19,13.2567,1920.0,1080.0,2025-06-17T16:58:59.000000Z,,Consultas / Examen
IMG_6685.MOV,.mov,23.38,2025-11-26 22:59:20,14.741667,1920.0,1080.0,2025-06-17T18:40:33.000000Z,,Personal / Selfie
IMG_6686.MOV,.mov,2.83,2025-11-26 22:59:21,1.7667,1920.0,1080.0,2025-06-17T18:41:09.000000Z,,Consultas / Examen
IMG_6687.MOV,.mov,27.84,2025-11-26 22:59:21,17.658345,1920.0,1080.0,2025-06-17T18:41:17.000000Z,,Consultas / Examen
IMG_6688.MOV,.mov,136.64,2025-11-26 22:59:22,85.538333,1920.0,1080.0,2025-06-17T18:45:43.000000Z,,Personal / Selfie
IMG_6734.MOV,.mov,191.99,2025-11-26 22:59:50,68.57,1920.0,1080.0,2025-06-21T16:18:19.000000Z,,Consultas / Examen
IMG_6736.MOV,.mov,23.06,2025-11-26 22:59:58,14.156667,1920.0,1080.0,2025-06-21T19:09:09.000000Z,,Cirugías
IMG_6737.MOV,.mov,30.19,2025-11-26 22:59:59,18.86,1920.0,1080.0,2025-06-21T19:09:27.000000Z,,Cirugías
IMG_6741.MOV,.mov,31.97,2025-11-26 23:00:01,14.223333,1920.0,1080.0,2025-06-22T00:11:07.000000Z,,Personal / Selfie
IMG_6742.MOV,.mov,24.87,2025-11-26 23:00:02,14.975011,1920.0,1080.0,2025-06-22T00:12:11.000000Z,,Especies - Perro
IMG_6743.MOV,.mov,13.77,2025-11-26 23:00:03,8.688333,1920.0,1080.0,2025-06-22T00:12:32.000000Z,,Especies - Perro
IMG_6744.MOV,.mov,24.59,2025-11-26 23:00:04,7.816667,1920.0,1080.0,2025-06-22T00:12:44.000000Z,,Personal / Selfie
IMG_6745.MOV,.mov,8.06,2025-11-26 23:00:05,5.035011,1920.0,1080.0,2025-06-22T00:13:16.000000Z,,Especies - Perro
IMG_6818.MOV,.mov,7.33,2025-11-26 23:00:33,3.985011,1920.0,1080.0,2025-06-22T17:11:31.000000Z,,Especies - Perro
IMG_6820.MOV,.mov,16.68,2025-11-26 23:00:37,10.455011,1920.0,1080.0,2025-06-22T17:41:29.000000Z,,Cirugías
IMG_6823.MOV,.mov,1.02,2025-11-26 23:00:39,0.616667,1920.0,1080.0,2025-06-22T18:13:06.000000Z,,Desconocido
IMG_6824.MOV,.mov,13.83,2025-11-26 23:00:39,8.7217,1920.0,1080.0,2025-06-22T18:13:20.000000Z,,Especies - Perro
IMG_6831.MOV,.mov,25.93,2025-11-26 23:00:43,16.475011,1920.0,1080.0,2025-06-23T14:23:47.000000Z,,Otro
IMG_6833.MOV,.mov,8.85,2025-11-26 23:00:44,5.5517,1920.0,1080.0,2025-06-24T15:14:30.000000Z,,Especies - Perro
IMG_6834.MOV,.mov,0.96,2025-11-26 23:00:44,0.598345,1920.0,1080.0,2025-06-24T15:47:59.000000Z,,Desconocido
IMG_6835.MOV,.mov,12.53,2025-11-26 23:00:45,7.903333,1920.0,1080.0,2025-06-24T15:48:05.000000Z,,Consultas / Examen
IMG_6836.MOV,.mov,104.65,2025-11-26 23:00:45,33.086667,1920.0,1080.0,2025-06-24T16:05:59.000000Z,,Consultas / Examen
IMG_6837.MOV,.mov,32.3,2025-11-26 23:00:49,10.271667,1920.0,1080.0,2025-06-24T16:08:14.000000Z,,Consultas / Examen
IMG_6838.MOV,.mov,63.16,2025-11-26 23:00:51,20.161667,1920.0,1080.0,2025-06-24T16:11:52.000000Z,,Consultas / Examen
IMG_6839.MOV,.mov,32.66,2025-11-26 23:00:53,10.421667,1920.0,1080.0,2025-06-24T16:14:41.000000Z,,Consultas / Examen
IMG_6840.MOV,.mov,58.42,2025-11-26 23:00:54,18.578333,1920.0,1080.0,2025-06-24T16:15:21.000000Z,,Consultas / Examen
IMG_6841.MOV,.mov,41.87,2025-11-26 23:00:57,13.323333,1920.0,1080.0,2025-06-24T16:15:57.000000Z,,Consultas / Examen
IMG_6842.MOV,.mov,31.3,2025-11-26 23:00:59,9.99,1920.0,1080.0,2025-06-24T16:21:00.000000Z,,Consultas / Examen
IMG_6843.HEIC,.heic,1.4,2025-11-26 23:01:00,,,,2025:06:24 11:23:09,"[3, 25, 147/5], [76, 30, 183/20]",Consultas / Examen
IMG_6845.MOV,.mov,7.87,2025-11-26 23:01:00,4.801667,1920.0,1080.0,2025-06-24T16:36:08.000000Z,,Consultas / Examen
IMG_6847.MOV,.mov,27.67,2025-11-26 23:01:01,17.058345,1920.0,1080.0,2025-06-24T17:02:08.000000Z,,Especies - Perro
IMG_6848.MOV,.mov,75.08,2025-11-26 23:01:02,23.998333,1920.0,1080.0,2025-06-24T17:25:27.000000Z,,Consultas / Examen
IMG_6849.MOV,.mov,15.72,2025-11-26 23:01:05,5.7867,1920.0,1080.0,2025-06-24T20:01:03.000000Z,,Consultas / Examen
IMG_6852.MOV,.mov,20.97,2025-11-26 23:01:06,6.703333,1920.0,1080.0,2025-06-24T21:59:10.000000Z,,Instalaciones
IMG_6854.MOV,.mov,22.41,2025-11-26 23:01:07,14.19,1920.0,1080.0,2025-06-24T22:59:14.000000Z,,Consultas / Examen
IMG_6856.MOV,.mov,84.2,2025-11-26 23:01:08,53.295,1920.0,1080.0,2025-06-24T23:08:32.000000Z,,Cirugías
IMG_6857.HEIC,.heic,1.76,2025-11-26 23:01:11,,,,2025:06:24 18:09:53,"[3, 25, 30], [76, 30, 232/25]",Cirugías
IMG_6858.HEIC,.heic,1.77,2025-11-26 23:01:11,,,,2025:06:24 18:09:55,"[3, 25, 1511/50], [76, 30, 232/25]",Cirugías
IMG_6860.MOV,.mov,40.06,2025-11-26 23:01:12,22.3617,1920.0,1080.0,2025-06-24T23:27:21.000000Z,,Cirugías
IMG_6863.MOV,.mov,14.38,2025-11-26 23:01:13,9.153333,1920.0,1080.0,2025-06-25T01:13:23.000000Z,,Cirugías
IMG_6867.MOV,.mov,17.86,2025-11-26 23:01:14,9.288333,1920.0,1080.0,2025-06-25T02:15:49.000000Z,,Instalaciones
IMG_6868.MOV,.mov,27.37,2025-11-26 23:01:15,14.223333,1920.0,1080.0,2025-06-25T02:16:17.000000Z,,Instalaciones
IMG_6870.MOV,.mov,43.31,2025-11-26 23:01:16,27.333333,1920.0,1080.0,2025-06-25T19:18:37.000000Z,,Personal / Selfie
IMG_6871.MOV,.mov,33.48,2025-11-26 23:01:18,18.46,1920.0,1080.0,2025-06-25T19:31:12.000000Z,,Consultas / Examen
IMG_6886.MOV,.mov,14.0,2025-11-26 23:01:19,8.738333,1920.0,1080.0,2025-06-26T13:49:58.000000Z,,Consultas / Examen
IMG_6889.MOV,.mov,32.59,2025-11-26 23:01:20,12.69,1920.0,1080.0,2025-06-26T14:55:33.000000Z,,Personal / Selfie
IMG_6893.MOV,.mov,48.03,2025-11-26 23:01:22,20.133333,1920.0,1080.0,2025-06-26T15:28:28.000000Z,,Personal / Selfie
IMG_6894.MOV,.mov,48.76,2025-11-26 23:01:24,27.051667,1920.0,1080.0,2025-06-26T15:42:46.000000Z,,Consultas / Examen
IMG_6897.HEIC,.heic,2.36,2025-11-26 23:01:25,,,,2025:06:26 13:38:05,"[3, 26, 1197/25], [76, 29, 3957/100]",Personal / Selfie
IMG_6898.MOV,.mov,77.5,2025-11-26 23:01:26,32.3667,1920.0,1080.0,2025-06-26T18:40:55.000000Z,,Consultas / Examen
IMG_6907.MOV,.mov,26.67,2025-11-26 23:02:10,9.571667,1920.0,1080.0,2025-06-27T00:00:42.000000Z,,Especies - Gato
IMG_6910.MOV,.mov,179.87,2025-11-26 23:02:11,57.203333,1920.0,1080.0,2025-06-27T16:38:16.000000Z,,Personal / Selfie
IMG_6911.MOV,.mov,138.61,2025-11-26 23:02:22,44.135,1920.0,1080.0,2025-06-27T16:39:18.000000Z,,Personal / Selfie
IMG_6969.MOV,.mov,11.12,2025-11-26 23:02:48,6.736667,1920.0,1080.0,2025-07-01T22:09:41.000000Z,,Especies - Perro
IMG_6970.MOV,.mov,29.92,2025-11-26 23:02:49,18.593333,1920.0,1080.0,2025-07-01T22:10:02.000000Z,,Personal / Selfie
IMG_6997.MOV,.mov,2.58,2025-11-26 23:03:29,1.616667,1920.0,1080.0,2025-07-03T17:20:10.000000Z,,Cirugías
IMG_6998.MOV,.mov,2.59,2025-11-26 23:03:29,1.65,1920.0,1080.0,2025-07-03T17:20:15.000000Z,,Cirugías
IMG_6999.MOV,.mov,48.78,2025-11-26 23:03:29,30.715011,1920.0,1080.0,2025-07-03T17:20:33.000000Z,,Cirugías
IMG_7001.MOV,.mov,22.11,2025-11-26 23:03:31,13.723333,1920.0,1080.0,2025-07-03T17:21:07.000000Z,,Cirugías
IMG_7003.MOV,.mov,35.01,2025-11-26 23:03:34,21.928333,1920.0,1080.0,2025-07-03T17:23:22.000000Z,,Cirugías
IMG_7004.MOV,.mov,26.08,2025-11-26 23:03:35,16.375011,1920.0,1080.0,2025-07-03T17:23:54.000000Z,,Cirugías
IMG_7005.MOV,.mov,9.55,2025-11-26 23:03:37,5.885,1920.0,1080.0,2025-07-03T17:24:14.000000Z,,Consultas / Examen
IMG_7006.MOV,.mov,1.01,2025-11-26 23:03:37,0.718345,1920.0,1080.0,2025-07-03T17:25:39.000000Z,,Desconocido
IMG_7007.MOV,.mov,1.45,2025-11-26 23:03:37,0.9167,1920.0,1080.0,2025-07-03T17:26:43.000000Z,,Desconocido
IMG_7015.MOV,.mov,30.9,2025-11-26 23:04:10,14.048345,1920.0,1080.0,2025-07-04T16:09:58.000000Z,,Personal / Selfie
IMG_7102.MOV,.mov,14.01,2025-11-26 23:04:53,9.62,1920.0,1080.0,2025-07-08T17:42:13.000000Z,,Personal / Selfie
IMG_7103.MOV,.mov,4.23,2025-11-26 23:04:56,3.768345,1920.0,1080.0,2025-07-08T17:42:26.000000Z,,Consultas / Examen
IMG_7104.MOV,.mov,126.83,2025-11-26 23:04:56,77.753333,1920.0,1080.0,2025-07-08T17:43:42.000000Z,,Personal / Selfie
IMG_7107.HEIC,.heic,3.13,2025-11-26 23:05:12,,,,2025:07:08 12:56:06,"[3, 22, 193/5], [76, 31, 43/4]",Personal / Selfie
IMG_7108.HEIC,.heic,1.85,2025-11-26 23:05:12,,,,2025:07:08 12:56:15,"[3, 22, 3587/100], [76, 31, 963/100]",Personal / Selfie
IMG_7109.HEIC,.heic,1.82,2025-11-26 23:05:12,,,,2025:07:08 12:56:17,"[3, 22, 3697/100], [76, 31, 913/100]",Personal / Selfie
IMG_7112.MOV,.mov,5.95,2025-11-26 23:05:14,3.75,1920.0,1080.0,2025-07-08T20:12:28.000000Z,,Especies - Perro
IMG_7116.MOV,.mov,17.24,2025-11-26 23:05:15,9.938345,1920.0,1080.0,2025-07-09T20:16:35.000000Z,,Especies - Perro
IMG_7125.HEIC,.heic,3.47,2025-11-26 23:05:19,,,,2025:07:09 18:43:27,"[3, 25, 27/100], [76, 31, 746/25]",Especies - Perro
IMG_7162.MOV,.mov,6.75,2025-11-26 23:05:55,4.285,1920.0,1080.0,2025-07-14T16:16:45.000000Z,,Consultas / Examen
IMG_7168.MOV,.mov,8.3,2025-11-26 23:05:56,5.0017,1920.0,1080.0,2025-07-15T18:29:26.000000Z,,Especies - Perro
IMG_7169.HEIC,.heic,2.31,2025-11-26 23:05:57,,,,2025:07:15 13:30:12,"[3, 26, 69/100], [76, 30, 1769/100]",Especies - Perro
IMG_7170.MOV,.mov,8.78,2025-11-26 23:05:58,5.585,1920.0,1080.0,2025-07-15T18:30:29.000000Z,,Especies - Perro
IMG_7218.MOV,.mov,18.78,2025-11-26 23:07:39,8.87,1920.0,1080.0,2025-07-18T15:18:45.000000Z,,Consultas / Examen
IMG_7823.MOV,.mov,19.83,2025-11-26 23:08:46,11.89,1920.0,1080.0,2025-09-06T19:49:22.000000Z,,Personal / Selfie
IMG_7858.MOV,.mov,30.08,2025-11-26 23:08:48,15.641667,1920.0,1080.0,2025-09-07T17:45:32.000000Z,,Especies - Gato
IMG_8055.MOV,.mov,37.33,2025-11-26 23:09:14,12.006667,1920.0,1080.0,2025-09-13T23:29:37.000000Z,,Especies - Perro
IMG_8067.MOV,.mov,308.21,2025-11-26 23:09:19,110.2717,1920.0,1080.0,2025-09-14T16:48:22.000000Z,,Personal / Selfie
IMG_8068.HEIC,.heic,2.46,2025-11-26 23:09:30,,,,2025:09:14 11:51:25,"[3, 28, 5777/100], [76, 30, 1159/25]",Instalaciones
IMG_8193.MOV,.mov,17.8,2025-11-26 23:09:50,11.155011,1920.0,1080.0,2025-10-04T18:20:54.000000Z,,Especies - Perro
IMG_8267.MOV,.mov,31.94,2025-11-26 23:10:37,20.176667,1920.0,1080.0,2025-10-10T14:34:17.000000Z,,Consultas / Examen
IMG_8268.MOV,.mov,19.04,2025-11-26 23:10:39,12.023333,1920.0,1080.0,2025-10-10T14:36:11.000000Z,,Consultas / Examen
IMG_8269.MOV,.mov,18.75,2025-11-26 23:10:40,11.738333,1920.0,1080.0,2025-10-10T14:36:25.000000Z,,Consultas / Examen
IMG_8270.MOV,.mov,31.38,2025-11-26 23:10:40,19.351667,1920.0,1080.0,2025-10-10T14:37:28.000000Z,,Personal / Selfie
IMG_8287.HEIC,.heic,2.79,2025-11-26 23:10:46,,,,2025:10:11 11:43:13,"[3, 35, 573/100], [76, 29, 2217/50]",Cirugías
IMG_8288.HEIC,.heic,2.4,2025-11-26 23:10:46,,,,2025:10:11 11:43:26,"[3, 35, 581/100], [76, 29, 4443/100]",Cirugías
IMG_8289.HEIC,.heic,2.71,2025-11-26 23:10:48,,,,2025:10:11 11:43:31,"[3, 35, 583/100], [76, 29, 1112/25]",Cirugías
IMG_8290.HEIC,.heic,2.38,2025-11-26 23:10:48,,,,2025:10:11 11:43:40,"[3, 35, 144/25], [76, 29, 4443/100]",Consultas / Examen
IMG_8291.HEIC,.heic,2.72,2025-11-26 23:10:48,,,,2025:10:11 11:43:44,"[3, 35, 577/100], [76, 29, 1112/25]",Cirugías
IMG_8292.HEIC,.heic,2.81,2025-11-26 23:10:48,,,,2025:10:11 11:43:59,"[3, 35, 573/100], [76, 29, 2217/50]",Cirugías
IMG_8330.MOV,.mov,24.22,2025-11-26 23:11:23,9.621667,1920.0,1080.0,2025-10-14T02:37:58.000000Z,,Consultas / Examen
IMG_8334.MOV,.mov,112.28,2025-11-26 23:11:24,35.871667,1920.0,1080.0,2025-10-14T16:48:19.000000Z,,Consultas / Examen
IMG_8356.HEIC,.heic,1.89,2025-11-26 23:11:28,,,,2025:10:15 10:12:38,"[3, 25, 1479/100], [76, 31, 812/25]",Consultas / Examen
IMG_8357.HEIC,.heic,1.89,2025-11-26 23:11:29,,,,2025:10:15 10:12:40,"[3, 25, 1483/100], [76, 31, 65/2]",Consultas / Examen
IMG_8358.HEIC,.heic,2.41,2025-11-26 23:11:29,,,,2025:10:15 10:12:59,"[3, 25, 737/50], [76, 31, 327/10]",Consultas / Examen
IMG_8359.HEIC,.heic,1.65,2025-11-26 23:11:30,,,,2025:10:15 10:13:04,"[3, 25, 737/50], [76, 31, 327/10]",Consultas / Examen
IMG_8360.HEIC,.heic,1.94,2025-11-26 23:11:30,,,,2025:10:15 10:31:35,"[3, 25, 371/25], [76, 31, 3259/100]",Cirugías
IMG_8361.HEIC,.heic,1.62,2025-11-26 23:11:31,,,,2025:10:15 10:31:46,"[3, 25, 1517/100], [76, 31, 162/5]",Consultas / Examen
IMG_8362.HEIC,.heic,2.38,2025-11-26 23:11:31,,,,2025:10:15 10:32:21,"[3, 25, 753/50], [76, 31, 131/4]",Consultas / Examen
IMG_8363.HEIC,.heic,2.17,2025-11-26 23:11:34,,,,2025:10:15 10:33:48,"[3, 25, 374/25], [76, 31, 816/25]",Consultas / Examen
IMG_8364.HEIC,.heic,2.01,2025-11-26 23:11:35,,,,2025:10:15 10:33:58,"[3, 25, 1507/100], [76, 31, 327/10]",Consultas / Examen
IMG_8365.HEIC,.heic,2.21,2025-11-26 23:11:35,,,,2025:10:15 10:34:00,"[3, 25, 1507/100], [76, 31, 327/10]",Cirugías
IMG_8366.HEIC,.heic,2.06,2025-11-26 23:11:35,,,,2025:10:15 10:34:47,"[3, 25, 749/50], [76, 31, 816/25]",Consultas / Examen
IMG_8367.HEIC,.heic,2.31,2025-11-26 23:11:36,,,,2025:10:15 10:35:04,"[3, 25, 1503/100], [76, 31, 3259/100]",Cirugías
IMG_8368.HEIC,.heic,2.34,2025-11-26 23:11:38,,,,2025:10:15 11:43:21,"[3, 25, 74/5], [76, 31, 3259/100]",Especies - Gato
IMG_8369.MOV,.mov,63.29,2025-11-26 23:11:39,22.783333,1920.0,1080.0,2025-10-15T20:54:48.000000Z,,Personal / Selfie
IMG_8371.MOV,.mov,8.01,2025-11-26 23:11:43,4.818333,1920.0,1080.0,2025-10-15T21:59:17.000000Z,,Especies - Perro
IMG_8372.HEIC,.heic,1.25,2025-11-26 23:11:43,,,,2025:10:15 18:30:00,"[3, 24, 161/25], [76, 31, 1831/100]",Especies - Perro
IMG_8422.MOV,.mov,5.99,2025-11-26 23:11:57,3.618333,1920.0,1080.0,2025-10-19T14:58:37.000000Z,,Consultas / Examen
IMG_8466.MOV,.mov,22.15,2025-11-26 23:12:03,13.923333,1920.0,1080.0,2025-10-25T13:38:58.000000Z,,Personal / Selfie
IMG_8606.MOV,.mov,138.51,2025-11-26 23:12:53,21.55,3840.0,2160.0,2025-11-17T17:02:13.000000Z,,Consultas / Examen
IMG_8615.MOV,.mov,19.96,2025-11-26 23:12:59,7.853333,1920.0,1080.0,2025-11-18T23:17:42.000000Z,,Especies - Gato
IMG_8616.MOV,.mov,17.97,2025-11-26 23:13:00,8.503333,1920.0,1080.0,2025-11-18T23:18:24.000000Z,,Consultas / Examen
IMG_8617.MOV,.mov,22.05,2025-11-26 23:13:01,10.655011,1920.0,1080.0,2025-11-18T23:19:26.000000Z,,Consultas / Examen
IMG_8619.MOV,.mov,51.32,2025-11-26 23:13:02,21.245011,1920.0,1080.0,2025-11-18T23:20:11.000000Z,,Consultas / Examen
IMG_8620.MOV,.mov,90.21,2025-11-26 23:13:03,28.233333,1920.0,1080.0,2025-11-19T15:19:00.000000Z,,Instalaciones
IMG_8633.MOV,.mov,4.15,2025-11-26 23:13:09,2.55,1920.0,1080.0,2025-11-20T19:34:44.000000Z,,Cirugías
IMG_8634.MOV,.mov,45.12,2025-11-26 23:13:10,28.315,1920.0,1080.0,2025-11-20T19:35:03.000000Z,,Cirugías
IMG_8635.MOV,.mov,47.47,2025-11-26 23:13:12,29.833333,1920.0,1080.0,2025-11-20T19:36:13.000000Z,,Cirugías
IMG_8638.MOV,.mov,22.51,2025-11-26 23:13:14,14.073333,1920.0,1080.0,2025-11-20T19:57:13.000000Z,,Cirugías
IMG_8639.MOV,.mov,25.29,2025-11-26 23:13:14,14.075,1920.0,1080.0,2025-11-20T19:57:43.000000Z,,Cirugías
IMG_E2211.MOV,.mov,7.14,2025-11-20 00:42:43,2.958333,1662.0,836.0,2024-11-26T19:06:00.000000Z,,Consultas / Examen
IMG_E2594.MOV,.mov,20.01,2025-11-20 00:42:55,9.865,1920.0,1080.0,2024-11-03T23:13:43.000000Z,,Personal / Selfie
IMG_E2671.MOV,.mov,3.2,2025-11-20 00:45:19,1.618345,1920.0,1080.0,2024-11-26T19:07:41.000000Z,,Especies - Perro
IMG_E2829.MOV,.mov,3.25,2025-11-20 00:45:20,1.883333,1320.0,738.0,2024-11-26T19:05:17.000000Z,,Consultas / Examen
IMG_E2861.MOV,.mov,19.99,2025-11-20 00:45:35,8.048333,1534.0,972.0,2024-11-26T19:05:55.000000Z,,Promocional
IMG_E2862.MOV,.mov,5.44,2025-11-20 00:47:13,2.136667,1186.0,828.0,2024-11-26T19:06:01.000000Z,,Personal / Selfie
IMG_E2863.MOV,.mov,4.34,2025-11-20 00:47:14,1.715,1650.0,996.0,2024-11-26T19:06:25.000000Z,,Consultas / Examen
IMG_E3061.MOV,.mov,141.11,2025-11-20 00:47:17,86.438333,1920.0,1080.0,2024-11-29T19:30:16.000000Z,,Consultas / Examen
IMG_E3709.MOV,.mov,82.69,2025-11-26 22:49:03,10.721678,3840.0,2160.0,2025-04-28T22:20:05.000000Z,,Consultas / Examen
IMG_E4187.HEIC,.heic,1.01,2025-11-26 23:09:35,,,,2025:09:01 16:10:21,"[3, 28, 997/100], [76, 31, 1178/25]",Personal / Selfie
IMG_E4256.HEIC,.heic,1.19,2025-11-20 00:56:35,,,,2025:01:19 15:12:36,"[3, 53, 4023/100], [76, 30, 4189/100]",Personal / Selfie
IMG_E4626.MOV,.mov,8.74,2025-11-26 23:57:12,5.2,1920.0,1080.0,2025-02-14T18:32:57.000000Z,,Personal / Selfie
IMG_E4904.MOV,.mov,58.11,2025-11-27 00:24:02,21.18,1920.0,1080.0,2025-03-08T16:29:50.000000Z,,Consultas / Examen
IMG_E5739.MOV,.mov,4.43,2025-11-27 00:13:04,2.888345,1920.0,1440.0,2025-04-17T21:35:35.000000Z,,Personal / Selfie
IMG_E5741.HEIC,.heic,0.56,2025-11-27 00:13:04,,,,2025:04:17 13:16:32,"[3, 25, 5713/100], [76, 29, 1432/25]",Personal / Selfie
IMG_E5741.MOV,.mov,3.2,2025-11-27 00:13:05,2.29,1920.0,1440.0,2025-04-17T21:39:02.000000Z,,Personal / Selfie
IMG_E5794.JPG,.jpg,0.99,2025-11-27 00:13:05,,,,2025:04:20 15:24:29,"[3, 26, 2403/50], [76, 29, 989/25]",Personal / Selfie
IMG_E5921.HEIC,.heic,0.65,2025-11-26 22:49:06,,,,2025:04:29 08:52:03,"[3, 25, 291/20], [76, 31, 829/25]",Personal / Selfie
IMG_E6090.HEIC,.heic,0.7,2025-11-26 22:57:15,,,,2025:05:21 19:06:28,"[3, 22, 789/50], [76, 31, 141/25]",Cirugías
IMG_E6373.MOV,.mov,25.92,2025-11-26 22:57:17,9.17,1920.0,1080.0,2025-05-29T22:18:42.000000Z,,Consultas / Examen
IMG_E6395.MOV,.mov,102.95,2025-11-26 22:57:18,64.9367,1920.0,1080.0,2025-05-30T17:20:10.000000Z,,Consultas / Examen
IMG_E6411.MOV,.mov,30.58,2025-11-26 22:57:22,18.898345,1920.0,1080.0,2025-05-30T20:11:36.000000Z,,Consultas / Examen
IMG_E6588.JPG,.jpg,1.03,2025-11-26 23:01:37,,,,2025:06:13 16:05:50,"[3, 26, 533/20], [76, 32, 4441/100]",Especies - Perro
IMG_E6589.JPG,.jpg,1.03,2025-11-26 23:01:39,,,,2025:06:13 16:05:51,"[3, 26, 533/20], [76, 32, 4441/100]",Especies - Perro
IMG_E6590.JPG,.jpg,1.02,2025-11-26 23:01:39,,,,2025:06:13 16:05:52,"[3, 26, 533/20], [76, 32, 4441/100]",Especies - Perro
IMG_E6820.MOV,.mov,11.91,2025-11-26 23:01:42,7.138345,1920.0,1080.0,2025-06-22T17:50:01.000000Z,,Consultas / Examen
IMG_E6848.MOV,.mov,49.9,2025-11-26 23:01:45,15.975011,1920.0,1080.0,2025-06-24T18:07:46.000000Z,,Consultas / Examen
IMG_E6870.MOV,.mov,28.63,2025-11-26 23:01:47,17.74,1920.0,1080.0,2025-06-25T19:20:18.000000Z,,Instalaciones
IMG_E6889.MOV,.mov,17.3,2025-11-26 23:01:48,6.5017,1920.0,1080.0,2025-06-26T15:01:49.000000Z,,Consultas / Examen
IMG_E6893.MOV,.mov,18.44,2025-11-26 23:01:48,7.523333,1920.0,1080.0,2025-06-26T15:59:59.000000Z,,Personal / Selfie
IMG_E6894.MOV,.mov,20.12,2025-11-26 23:01:49,10.2067,1920.0,1080.0,2025-06-26T16:29:28.000000Z,,Consultas / Examen
IMG_E6898.MOV,.mov,24.76,2025-11-26 23:01:51,9.2017,1920.0,1080.0,2025-06-26T18:51:35.000000Z,,Consultas / Examen
IMG_E6903.MOV,.mov,5.81,2025-11-26 23:02:18,2.358345,1920.0,1080.0,2025-06-26T20:59:35.000000Z,,Especies - Perro
IMG_E6907.MOV,.mov,14.55,2025-11-26 23:02:19,4.825011,1920.0,1080.0,2025-06-27T06:10:34.000000Z,,Personal / Selfie
IMG_E6910.MOV,.mov,22.25,2025-11-26 23:02:43,9.228333,1518.0,840.0,2025-06-28T15:57:06.000000Z,,Personal / Selfie
IMG_E6911.MOV,.mov,19.47,2025-11-26 23:02:46,5.723333,1920.0,1080.0,2025-06-27T18:37:06.000000Z,,Personal / Selfie
IMG_E7108.HEIC,.heic,0.99,2025-11-26 23:05:23,,,,2025:07:08 12:56:15,"[3, 22, 3587/100], [76, 31, 963/100]",Personal / Selfie
IMG_E7109.HEIC,.heic,0.87,2025-11-26 23:05:23,,,,2025:07:08 12:56:17,"[3, 22, 3697/100], [76, 31, 913/100]",Personal / Selfie
IMG_E7823.MOV,.mov,29.15,2025-11-26 23:09:37,11.903333,1270.0,726.0,2025-09-06T22:13:23.000000Z,,Otro
IMG_E8067.MOV,.mov,134.8,2025-11-26 23:09:39,54.8967,1700.0,1030.0,2025-09-16T03:15:14.000000Z,,Personal / Selfie
inventory.csv,.csv,0.05,2026-05-30 12:12:58,,,,,,Desconocido
JCPX2419.JPG,.jpg,1.56,2025-11-26 23:01:58,,,,2025:06:12 17:28:34,,Personal / Selfie
KADU8311.JPG,.jpg,0.15,2025-11-26 23:08:30,,,,,,Consultas / Examen
KFSQ6820.HEIC,.heic,0.49,2025-11-26 23:09:45,,,,2025:09:01 16:10:23,"[3, 28, 997/100], [76, 31, 1178/25]",Personal / Selfie
LVOE0075.MOV,.mov,42.27,2025-11-20 00:47:28,48.876009,1080.0,1920.0,2024-11-26T19:46:45Z,,Consultas / Examen
MIII6844.JPG,.jpg,0.23,2025-11-26 22:49:06,,,,,,Especies - Perro
MKTC3257.MOV,.mov,42.3,2025-11-20 00:47:31,48.876009,1080.0,1920.0,2024-11-26T19:55:37Z,,Consultas / Examen
NAGN1326.MOV,.mov,58.71,2025-11-20 00:47:34,48.876009,1080.0,1920.0,2024-11-26T20:21:15Z,,Consultas / Examen
NXDU2462.MP4,.mp4,9.55,2025-11-20 00:48:48,10.566485,1080.0,1920.0,2024-12-07T19:27:17.000000Z,,Consultas / Examen
organizer.py,.py,0.0,2026-05-30 12:09:41,,,,,,Desconocido
OWVY7151.MOV,.mov,24.27,2025-11-20 00:47:37,20.034,1080.0,1920.0,2024-11-26T20:31:09Z,,Cirugías
PHNT2049.MOV,.mov,72.15,2025-11-20 00:47:39,60.265,1080.0,1920.0,2024-11-26T20:25:41Z,,Consultas / Examen
RBOHE5082.MOV,.mov,13.22,2025-11-26 23:02:00,9.676667,896.0,1486.0,2025-06-22T03:14:54.000000Z,,Personal / Selfie
UFEQ3828.MOV,.mov,42.3,2025-11-20 00:47:49,48.876009,1080.0,1920.0,2024-11-26T19:53:03Z,,Consultas / Examen
WGPX2664.MP4,.mp4,23.18,2025-11-26 23:02:01,25.170204,1080.0,1920.0,2025-06-17T18:56:00.000000Z,,Personal / Selfie
WUKP8873.MOV,.mov,71.69,2025-11-20 00:47:52,60.66,1080.0,1920.0,2024-11-26T20:38:56Z,,Consultas / Examen
WXNR5508.MP4,.mp4,28.65,2025-11-27 01:01:09,31.29932,1080.0,1920.0,2024-11-18T19:33:49.000000Z,,Otro
